2017.01.09 21:00:00.433,0.74663,0.74681,0.37,0.37
2017.01.09 21:00:00.587,0.7466,0.74683,0.75,0.60
2017.01.09 21:00:00.716,0.74659,0.74681,0.75,0.75
2017.01.09 21:00:00.808,0.74654,0.74681,0.75,0.75
2017.01.09 21:00:00.858,0.74656,0.74681,0.75,0.75
2017.01.09 21:00:01.207,0.74661,0.74679,0.37,0.37
2017.01.09 21:00:02.231,0.74663,0.74681,0.37,0.75
2017.01.09 21:00:03.136,0.74662,0.7468,0.37,0.37
2017.01.09 21:00:03.186,0.7466,0.7468,0.75,0.75
2017.01.09 21:00:12.062,0.74664,0.7468,0.75,0.75
2017.01.09 21:00:12.157,0.7466,0.7468,1.50,0.75
2017.01.09 21:00:12.401,0.74655,0.7468,0.75,0.75
2017.01.09 21:00:13.096,0.74654,0.74686,0.75,1.50
2017.01.09 21:00:13.369,0.7466,0.7468,0.37,0.37
2017.01.09 21:00:13.725,0.74659,0.74677,0.37,0.37
2017.01.09 21:00:15.238,0.74661,0.74678,0.37,0.37
2017.01.09 21:00:15.581,0.74663,0.74681,0.37,0.37
2017.01.09 21:00:15.719,0.7466,0.7468,0.75,0.75
2017.01.09 21:00:16.940,0.7466,0.74677,0.37,0.37
2017.01.09 21:00:17.034,0.74657,0.74677,0.37,0.37
2017.01.09 21:00:17.835,0.74659,0.74677,0.75,0.37
2017.01.09 21:00:18.624,0.7466,0.74678,1.12,0.37
2017.01.09 21:00:18.936,0.74662,0.74679,0.37,0.37
2017.01.09 21:00:19.464,0.74662,0.7468,0.37,0.37
2017.01.09 21:00:20.561,0.74661,0.74677,0.37,0.37
2017.01.09 21:00:20.661,0.74659,0.74677,0.37,0.37
2017.01.09 21:00:22.238,0.7466,0.74677,0.75,0.37
2017.01.09 21:00:27.176,0.74659,0.74677,0.37,0.37
2017.01.09 21:00:27.467,0.74661,0.74678,0.37,0.37
2017.01.09 21:00:28.085,0.74661,0.74679,0.37,0.37
2017.01.09 21:00:29.876,0.74663,0.7468,0.37,0.37
2017.01.09 21:00:30.511,0.74663,0.74681,0.37,0.37
2017.01.09 21:00:32.482,0.74662,0.7468,0.37,0.37
2017.01.09 21:00:32.815,0.7466,0.74677,0.75,0.37
2017.01.09 21:00:35.183,0.74661,0.74678,0.37,0.37
2017.01.09 21:00:35.267,0.74661,0.74681,0.75,0.75
2017.01.09 21:00:37.768,0.74664,0.74681,0.37,0.37
2017.01.09 21:00:38.423,0.74664,0.74682,0.37,0.37
2017.01.09 21:00:52.802,0.74663,0.74681,0.75,0.37
2017.01.09 21:00:56.404,0.74666,0.74683,0.37,0.37
2017.01.09 21:00:57.060,0.74666,0.74684,0.37,0.37
2017.01.09 21:00:57.821,0.74665,0.74681,0.37,0.37
2017.01.09 21:00:57.919,0.74661,0.74678,0.37,0.37
2017.01.09 21:00:58.774,0.7466,0.74678,1.12,0.37
2017.01.09 21:00:58.901,0.7466,0.74676,0.75,0.37
2017.01.09 21:00:59.176,0.74658,0.74676,0.37,0.37
2017.01.09 21:01:01.849,0.74657,0.74674,0.37,0.37
2017.01.09 21:01:02.011,0.74652,0.7467,0.37,0.37
2017.01.09 21:01:02.543,0.74656,0.74671,0.37,0.37
2017.01.09 21:01:02.594,0.74656,0.74674,0.37,0.37
2017.01.09 21:01:06.339,0.74658,0.74675,0.37,0.37
2017.01.09 21:01:06.920,0.74658,0.74676,0.37,0.37
2017.01.09 21:01:17.627,0.74659,0.74676,0.37,0.37
2017.01.09 21:01:17.677,0.7466,0.74678,0.37,0.37
2017.01.09 21:01:17.778,0.74662,0.7468,0.37,0.37
2017.01.09 21:01:32.783,0.74664,0.74681,0.37,0.37
2017.01.09 21:01:33.468,0.74664,0.74682,0.37,0.37
2017.01.09 21:01:38.197,0.74662,0.7468,0.37,0.37
2017.01.09 21:01:41.589,0.7466,0.74677,0.75,0.37
2017.01.09 21:01:53.799,0.74659,0.74677,0.37,0.37
2017.01.09 21:01:56.554,0.7466,0.74677,0.75,0.37
2017.01.09 21:01:58.820,0.74661,0.74678,0.37,0.37
2017.01.09 21:01:59.460,0.74661,0.74679,0.37,0.37
2017.01.09 21:02:10.878,0.74665,0.74679,0.75,0.37
2017.01.09 21:02:10.929,0.74661,0.74679,0.37,0.37
2017.01.09 21:02:17.390,0.7466,0.74676,1.12,0.37
2017.01.09 21:02:26.116,0.74658,0.74676,0.37,0.37
2017.01.09 21:02:32.572,0.74657,0.74677,0.37,0.75
2017.01.09 21:02:33.268,0.74656,0.74677,0.75,0.75
2017.01.09 21:02:37.642,0.74659,0.74677,0.37,0.37
2017.01.09 21:02:43.397,0.7466,0.74677,0.75,0.37
2017.01.09 21:02:44.054,0.74659,0.74677,0.37,0.37
2017.01.09 21:02:44.429,0.74661,0.74679,0.37,0.37
2017.01.09 21:02:47.214,0.74663,0.7468,0.37,0.37
2017.01.09 21:02:47.445,0.74665,0.74683,0.37,0.37
2017.01.09 21:02:50.207,0.74663,0.74682,0.37,0.37
2017.01.09 21:02:50.930,0.74662,0.74682,0.37,0.37
2017.01.09 21:02:54.853,0.74664,0.74682,0.75,0.37
2017.01.09 21:02:58.433,0.74662,0.74682,0.37,0.37
2017.01.09 21:03:00.917,0.74664,0.74682,0.75,0.37
2017.01.09 21:03:02.410,0.74665,0.74682,0.75,0.37
2017.01.09 21:03:07.597,0.74662,0.74682,0.37,0.37
2017.01.09 21:03:14.673,0.74663,0.74681,0.37,0.37
2017.01.09 21:03:18.763,0.74662,0.74679,0.37,0.37
2017.01.09 21:03:19.271,0.74661,0.74679,0.37,0.37
2017.01.09 21:03:19.634,0.74663,0.74681,0.37,0.37
2017.01.09 21:03:20.570,0.74662,0.7468,0.37,0.37
2017.01.09 21:03:20.627,0.7466,0.7468,1.50,0.75
2017.01.09 21:03:20.898,0.74662,0.74682,0.37,0.37
2017.01.09 21:03:40.690,0.74664,0.74682,0.75,0.75
2017.01.09 21:03:42.297,0.74662,0.74682,0.75,0.75
2017.01.09 21:03:53.207,0.74663,0.74681,0.37,0.37
2017.01.09 21:03:55.756,0.74664,0.74681,0.37,0.37
2017.01.09 21:03:55.857,0.74665,0.74683,0.37,0.37
2017.01.09 21:04:04.368,0.74662,0.74682,1.37,1.00
2017.01.09 21:04:04.468,0.7466,0.74685,1.50,2.10
2017.01.09 21:04:24.209,0.7466,0.74685,1.75,2.62
2017.01.09 21:04:24.310,0.7466,0.74685,3.37,2.62
2017.01.09 21:04:24.360,0.74665,0.74685,1.00,1.00
2017.01.09 21:04:35.354,0.7466,0.74686,3.37,1.75
2017.01.09 21:04:35.513,0.7466,0.74685,1.75,1.75
2017.01.09 21:04:47.235,0.74663,0.74687,2.25,2.62
2017.01.09 21:04:47.285,0.74663,0.74689,2.62,1.75
2017.01.09 21:04:50.198,0.74664,0.7469,2.62,1.75
2017.01.09 21:04:50.897,0.74664,0.7469,3.37,1.75
2017.01.09 21:04:58.209,0.7467,0.74692,1.00,3.37
2017.01.09 21:04:58.667,0.7467,0.74694,1.00,1.35
2017.01.09 21:05:04.048,0.7467,0.74693,1.00,1.00
2017.01.09 21:05:06.827,0.74666,0.7469,1.35,1.00
2017.01.09 21:05:06.984,0.7467,0.74693,1.00,1.00
2017.01.09 21:05:07.136,0.74666,0.7469,1.35,1.00
2017.01.09 21:05:10.755,0.7467,0.74693,1.00,1.00
2017.01.09 21:05:12.041,0.7467,0.74692,1.00,1.00
2017.01.09 21:05:13.050,0.7467,0.74693,1.00,1.00
2017.01.09 21:05:13.386,0.74665,0.7469,1.60,1.00
2017.01.09 21:05:14.015,0.7467,0.74693,1.00,1.00
2017.01.09 21:05:14.290,0.74665,0.7469,1.60,1.00
2017.01.09 21:05:14.686,0.74666,0.7469,2.85,1.37
2017.01.09 21:05:15.772,0.7467,0.74692,1.12,1.87
2017.01.09 21:05:15.974,0.7467,0.74692,1.00,1.50
2017.01.09 21:05:19.760,0.74669,0.74692,1.00,1.00
2017.01.09 21:05:19.861,0.74669,0.74695,1.37,3.00
2017.01.09 21:05:20.541,0.74669,0.74695,1.75,2.62
2017.01.09 21:05:20.592,0.74672,0.74692,1.00,1.00
2017.01.09 21:05:20.921,0.74675,0.74692,1.00,1.00
2017.01.09 21:05:22.455,0.74672,0.74692,1.00,1.00
2017.01.09 21:05:26.660,0.74675,0.74692,1.00,1.00
2017.01.09 21:05:28.361,0.74672,0.74692,1.00,1.00
2017.01.09 21:05:29.060,0.7467,0.74693,1.37,3.37
2017.01.09 21:05:29.110,0.7467,0.74692,1.12,2.62
2017.01.09 21:05:44.100,0.7467,0.74691,1.12,1.35
2017.01.09 21:05:44.628,0.7467,0.7469,1.50,1.00
2017.01.09 21:06:00.679,0.7467,0.74691,1.12,1.35
2017.01.09 21:06:01.186,0.7467,0.74691,1.12,1.35
2017.01.09 21:06:01.835,0.74665,0.74695,1.00,1.60
2017.01.09 21:06:02.408,0.74664,0.74696,1.00,2.85
2017.01.09 21:06:02.971,0.74665,0.74692,1.00,1.60
2017.01.09 21:06:04.423,0.74664,0.74691,1.00,1.35
2017.01.09 21:06:07.321,0.74664,0.7469,1.00,1.00
2017.01.09 21:06:08.383,0.74664,0.74689,1.00,1.00
2017.01.09 21:06:09.161,0.74664,0.7469,1.00,1.00
2017.01.09 21:06:18.551,0.74664,0.74689,1.00,1.00
2017.01.09 21:06:21.096,0.74664,0.74691,1.00,1.35
2017.01.09 21:06:24.114,0.74664,0.74691,1.37,3.60
2017.01.09 21:06:24.606,0.74665,0.7469,1.75,3.37
2017.01.09 21:06:24.657,0.74665,0.7469,1.50,3.37
2017.01.09 21:06:44.119,0.74665,0.74685,1.50,1.00
2017.01.09 21:07:00.684,0.74667,0.74687,1.00,1.00
2017.01.09 21:07:03.305,0.74665,0.74689,1.37,3.22
2017.01.09 21:07:03.478,0.74665,0.74688,1.12,2.62
2017.01.09 21:07:06.611,0.74665,0.74688,1.50,2.62
2017.01.09 21:07:06.729,0.74665,0.74689,1.75,3.97
2017.01.09 21:07:10.841,0.74665,0.74689,1.75,3.22
2017.01.09 21:07:10.892,0.74665,0.74689,1.75,1.35
2017.01.09 21:07:13.024,0.74665,0.74689,1.75,1.35
2017.01.09 21:07:13.186,0.74665,0.74689,1.75,1.35
2017.01.09 21:07:13.403,0.74665,0.74689,1.75,1.35
2017.01.09 21:07:20.232,0.74665,0.74689,1.75,1.35
2017.01.09 21:07:20.285,0.74665,0.74689,1.75,1.35
2017.01.09 21:07:25.662,0.74662,0.74685,3.37,2.10
2017.01.09 21:07:25.783,0.74661,0.74685,1.75,2.10
2017.01.09 21:07:32.426,0.7466,0.74684,4.12,1.35
2017.01.09 21:07:32.527,0.7466,0.74683,1.75,1.35
2017.01.09 21:07:37.862,0.7466,0.74684,1.75,1.67
2017.01.09 21:07:37.970,0.74664,0.74684,1.00,1.35
2017.01.09 21:07:40.693,0.7466,0.74684,1.75,1.67
2017.01.09 21:07:40.743,0.74662,0.74682,1.00,1.00
2017.01.09 21:07:44.786,0.74662,0.74682,1.00,1.60
2017.01.09 21:07:45.413,0.74662,0.74682,1.00,1.00
2017.01.09 21:07:46.871,0.7466,0.74685,1.75,1.37
2017.01.09 21:07:47.432,0.7466,0.74685,3.37,1.37
2017.01.09 21:08:24.087,0.74665,0.74685,1.00,2.10
2017.01.09 21:08:42.178,0.74661,0.74684,2.62,2.85
2017.01.09 21:08:42.279,0.7466,0.74684,1.75,2.85
2017.01.09 21:08:42.403,0.7466,0.74681,1.12,1.35
2017.01.09 21:08:54.729,0.7466,0.74681,1.87,1.67
2017.01.09 21:08:54.780,0.74661,0.74681,1.00,1.35
2017.01.09 21:09:05.771,0.74659,0.74681,4.12,1.30
2017.01.09 21:09:22.501,0.74659,0.74685,4.72,1.35
2017.01.09 21:09:41.496,0.74665,0.74685,1.00,1.35
2017.01.09 21:09:44.057,0.74661,0.74685,1.75,2.10
2017.01.09 21:09:44.589,0.74665,0.74685,1.12,1.35
2017.01.09 21:10:00.336,0.7466,0.74684,2.25,1.67
2017.01.09 21:10:00.867,0.74663,0.74683,1.00,1.00
2017.01.09 21:10:24.180,0.74663,0.74687,1.00,2.62
2017.01.09 21:10:27.260,0.74665,0.74687,1.00,2.62
2017.01.09 21:10:27.411,0.74665,0.74688,1.12,2.62
2017.01.09 21:10:27.626,0.74665,0.7469,1.75,3.37
2017.01.09 21:10:37.304,0.74666,0.74689,1.12,2.62
2017.01.09 21:10:37.835,0.74665,0.74689,1.87,2.62
2017.01.09 21:10:53.584,0.74662,0.74688,1.75,3.37
2017.01.09 21:11:04.450,0.74663,0.74685,1.00,2.62
2017.01.09 21:11:05.996,0.74662,0.74685,1.12,2.62
2017.01.09 21:11:28.979,0.7466,0.74682,1.50,1.00
2017.01.09 21:11:45.900,0.7466,0.74685,1.75,2.10
2017.01.09 21:11:45.951,0.74661,0.74681,1.00,1.00
2017.01.09 21:12:01.021,0.74661,0.74684,1.00,3.37
2017.01.09 21:12:32.999,0.74665,0.74684,1.00,2.62
2017.01.09 21:12:33.142,0.7466,0.74684,1.37,2.62
2017.01.09 21:13:01.053,0.7466,0.74685,1.75,1.75
2017.01.09 21:13:03.610,0.7466,0.74685,1.50,3.37
2017.01.09 21:13:04.190,0.7466,0.7468,1.50,1.00
2017.01.09 21:13:24.090,0.7466,0.74684,1.87,2.62
2017.01.09 21:13:28.048,0.74664,0.74684,1.00,2.62
2017.01.09 21:13:28.149,0.74664,0.74686,1.00,3.22
2017.01.09 21:13:34.287,0.7466,0.74685,1.75,1.75
2017.01.09 21:13:36.643,0.74665,0.74686,1.00,3.22
2017.01.09 21:13:40.194,0.74661,0.74685,1.75,1.75
2017.01.09 21:13:44.115,0.74661,0.74685,1.75,1.75
2017.01.09 21:13:52.538,0.74665,0.74686,1.00,1.35
2017.01.09 21:14:00.233,0.74665,0.74685,1.00,1.00
2017.01.09 21:14:00.323,0.74665,0.74686,1.00,1.35
2017.01.09 21:14:02.604,0.74665,0.74685,1.00,1.00
2017.01.09 21:14:14.750,0.74665,0.74686,1.00,1.35
2017.01.09 21:14:25.793,0.7466,0.74685,2.25,1.75
2017.01.09 21:14:26.683,0.7466,0.74685,1.50,1.00
2017.01.09 21:14:29.221,0.74665,0.74686,1.00,1.35
2017.01.09 21:14:31.237,0.74665,0.74687,1.00,1.97
2017.01.09 21:14:31.813,0.74665,0.74686,1.12,1.35
2017.01.09 21:14:41.972,0.74667,0.74687,1.00,1.00
2017.01.09 21:15:00.187,0.74665,0.7469,1.75,2.62
2017.01.09 21:15:25.507,0.74664,0.74691,5.85,2.10
2017.01.09 21:15:25.558,0.74665,0.74691,2.62,2.10
2017.01.09 21:15:38.164,0.74665,0.7469,1.75,1.75
2017.01.09 21:15:51.848,0.74665,0.74689,1.75,3.22
2017.01.09 21:15:52.649,0.74665,0.74689,1.50,3.22
2017.01.09 21:15:59.110,0.74665,0.74689,1.50,2.10
2017.01.09 21:15:59.161,0.74665,0.7469,1.75,1.75
2017.01.09 21:16:06.872,0.74665,0.7469,1.75,3.37
2017.01.09 21:16:07.147,0.74665,0.7469,1.75,1.75
2017.01.09 21:16:09.122,0.74665,0.74688,1.75,1.67
2017.01.09 21:16:09.669,0.74665,0.74688,1.75,1.35
2017.01.09 21:16:10.535,0.74665,0.74685,1.75,2.47
2017.01.09 21:16:10.686,0.74661,0.74683,1.75,1.35
2017.01.09 21:16:11.209,0.74661,0.74685,1.50,3.37
2017.01.09 21:16:11.314,0.74664,0.74685,1.00,2.62
2017.01.09 21:16:14.860,0.7466,0.74682,1.75,1.35
2017.01.09 21:16:16.291,0.7466,0.74682,1.75,1.67
2017.01.09 21:16:16.800,0.74665,0.74686,1.00,2.62
2017.01.09 21:16:16.892,0.74665,0.74684,1.37,1.00
2017.01.09 21:16:26.914,0.74665,0.74682,1.12,1.30
2017.01.09 21:16:27.223,0.7466,0.74682,1.00,3.97
2017.01.09 21:16:35.336,0.74659,0.74682,1.12,3.97
2017.01.09 21:16:40.097,0.7466,0.74681,1.00,1.35
2017.01.09 21:17:04.170,0.7466,0.74682,1.12,1.35
2017.01.09 21:17:16.884,0.74656,0.7468,1.50,2.10
2017.01.09 21:17:18.351,0.7466,0.7468,1.00,1.35
2017.01.09 21:17:18.522,0.7466,0.7468,1.00,1.67
2017.01.09 21:17:20.852,0.7466,0.7468,1.00,1.35
2017.01.09 21:17:20.902,0.74656,0.7468,1.75,2.10
2017.01.09 21:17:20.953,0.7466,0.7468,1.00,1.35
2017.01.09 21:17:21.399,0.7466,0.74682,1.12,1.35
2017.01.09 21:17:22.758,0.7466,0.74681,1.12,1.35
2017.01.09 21:17:30.585,0.74657,0.74677,1.00,1.00
2017.01.09 21:17:39.715,0.74655,0.7468,1.75,1.75
2017.01.09 21:17:42.389,0.74655,0.7468,1.50,2.25
2017.01.09 21:17:42.440,0.74655,0.7468,1.50,4.12
2017.01.09 21:17:54.680,0.74655,0.7468,1.75,4.72
2017.01.09 21:17:54.731,0.74655,0.7468,1.75,2.85
2017.01.09 21:18:14.751,0.74657,0.74677,1.00,1.00
2017.01.09 21:18:34.823,0.74655,0.7468,1.75,2.25
2017.01.09 21:18:51.527,0.7466,0.7468,1.00,1.35
2017.01.09 21:18:54.091,0.74654,0.74681,2.10,3.97
2017.01.09 21:18:54.747,0.74657,0.74677,1.00,1.00
2017.01.09 21:19:08.748,0.7466,0.74677,1.00,1.00
2017.01.09 21:19:09.315,0.7466,0.7468,1.12,1.35
2017.01.09 21:19:40.598,0.7466,0.74682,1.37,1.35
2017.01.09 21:19:41.133,0.7466,0.74682,1.75,1.35
2017.01.09 21:20:00.621,0.7466,0.74681,1.37,1.50
2017.01.09 21:20:01.410,0.7466,0.74681,1.00,1.75
2017.01.09 21:20:08.918,0.74655,0.7468,2.25,2.25
2017.01.09 21:20:09.620,0.74658,0.74679,1.00,1.35
2017.01.09 21:20:10.246,0.74655,0.74677,1.75,1.35
2017.01.09 21:20:10.473,0.74655,0.74678,1.75,1.35
2017.01.09 21:20:15.259,0.74655,0.74674,1.37,1.72
2017.01.09 21:20:15.314,0.7465,0.74674,4.12,2.10
2017.01.09 21:20:17.230,0.7465,0.74674,1.75,1.35
2017.01.09 21:20:17.748,0.7465,0.74674,1.75,1.35
2017.01.09 21:20:27.186,0.7465,0.74673,1.12,1.75
2017.01.09 21:20:32.276,0.7465,0.7467,1.37,1.00
2017.01.09 21:20:32.784,0.7465,0.74673,1.12,3.37
2017.01.09 21:20:42.916,0.7465,0.74673,1.50,3.37
2017.01.09 21:20:43.006,0.7465,0.74673,1.75,1.75
2017.01.09 21:20:47.883,0.74655,0.74673,1.00,2.10
2017.01.09 21:20:48.113,0.7465,0.74673,2.25,1.75
2017.01.09 21:20:50.663,0.74655,0.74673,1.00,1.75
2017.01.09 21:20:55.049,0.74652,0.74675,1.50,1.75
2017.01.09 21:20:55.099,0.74655,0.74676,1.00,3.37
2017.01.09 21:20:55.520,0.74655,0.74674,1.00,2.62
2017.01.09 21:21:00.250,0.7465,0.74674,2.25,2.62
2017.01.09 21:21:13.328,0.74654,0.74674,1.00,3.37
2017.01.09 21:21:13.429,0.74654,0.74674,1.00,1.75
2017.01.09 21:21:14.979,0.7465,0.74674,1.75,1.75
2017.01.09 21:21:15.379,0.74655,0.74674,1.00,1.75
2017.01.09 21:21:34.740,0.74655,0.74674,1.00,1.75
2017.01.09 21:21:45.606,0.74651,0.74674,1.50,1.75
2017.01.09 21:21:48.182,0.7465,0.74672,1.37,2.62
2017.01.09 21:21:48.283,0.7465,0.74673,1.50,1.75
2017.01.09 21:21:53.854,0.7465,0.74673,1.37,1.75
2017.01.09 21:21:54.462,0.7465,0.74673,1.00,3.37
2017.01.09 21:22:00.571,0.74648,0.74673,1.50,3.37
2017.01.09 21:22:00.683,0.74648,0.74673,1.75,1.75
2017.01.09 21:22:18.228,0.7465,0.74673,1.12,3.97
2017.01.09 21:22:22.798,0.74647,0.74667,1.75,1.00
2017.01.09 21:22:22.945,0.74647,0.74667,1.50,1.50
2017.01.09 21:22:22.996,0.74647,0.74667,1.37,1.75
2017.01.09 21:22:23.046,0.74646,0.74667,1.00,1.75
2017.01.09 21:22:23.432,0.74646,0.74667,1.50,1.75
2017.01.09 21:22:25.206,0.74645,0.74667,1.87,1.75
2017.01.09 21:22:25.290,0.74645,0.74667,1.87,1.75
2017.01.09 21:22:27.801,0.74644,0.74667,2.25,1.75
2017.01.09 21:22:27.908,0.74644,0.74667,2.25,1.75
2017.01.09 21:22:37.604,0.74645,0.74668,2.25,1.67
2017.01.09 21:22:37.705,0.74645,0.74668,1.75,1.67
2017.01.09 21:22:42.239,0.74645,0.74668,1.75,1.35
2017.01.09 21:22:42.352,0.74645,0.74665,1.75,1.12
2017.01.09 21:22:42.403,0.74645,0.74665,1.37,1.50
2017.01.09 21:22:42.503,0.74645,0.74666,1.12,3.37
2017.01.09 21:22:42.604,0.74645,0.74666,1.50,1.75
2017.01.09 21:23:00.403,0.74645,0.74667,1.50,1.75
2017.01.09 21:23:09.915,0.74645,0.74667,1.37,1.75
2017.01.09 21:23:09.966,0.74646,0.74666,1.00,1.00
2017.01.09 21:23:14.020,0.74645,0.74668,1.37,1.35
2017.01.09 21:23:14.623,0.74645,0.74668,1.00,1.35
2017.01.09 21:23:16.523,0.74645,0.74665,1.37,1.00
2017.01.09 21:23:22.656,0.7465,0.74669,1.00,2.62
2017.01.09 21:23:22.882,0.7465,0.74672,1.12,1.35
2017.01.09 21:23:25.638,0.74649,0.7467,1.00,2.25
2017.01.09 21:23:27.138,0.74647,0.7467,1.00,4.12
2017.01.09 21:23:27.238,0.74645,0.7467,2.85,2.25
2017.01.09 21:23:27.863,0.74648,0.74668,1.00,1.00
2017.01.09 21:23:30.119,0.7465,0.74668,1.00,1.00
2017.01.09 21:23:31.748,0.74648,0.74668,1.00,1.00
2017.01.09 21:23:32.242,0.74645,0.7467,2.85,4.12
2017.01.09 21:23:32.833,0.74645,0.7467,2.85,4.12
2017.01.09 21:23:36.085,0.74645,0.74667,1.12,1.75
2017.01.09 21:23:37.965,0.74645,0.74664,1.00,2.10
2017.01.09 21:23:38.502,0.74645,0.74664,1.00,2.10
2017.01.09 21:23:40.318,0.7464,0.74664,1.12,2.10
2017.01.09 21:23:53.256,0.7464,0.74661,1.12,1.35
2017.01.09 21:23:53.876,0.7464,0.74659,1.50,1.30
2017.01.09 21:24:04.879,0.7464,0.74663,1.50,2.10
2017.01.09 21:24:05.617,0.7464,0.74663,1.75,2.10
2017.01.09 21:24:24.101,0.7464,0.74663,1.50,1.35
2017.01.09 21:24:24.151,0.7464,0.7466,1.50,1.00
2017.01.09 21:24:24.555,0.74644,0.7466,1.00,1.00
2017.01.09 21:24:24.835,0.74644,0.74668,1.75,1.75
2017.01.09 21:24:29.953,0.74645,0.74663,1.00,1.00
2017.01.09 21:24:38.154,0.74645,0.74664,1.00,2.62
2017.01.09 21:24:41.823,0.74641,0.74664,1.12,2.62
2017.01.09 21:24:54.741,0.7464,0.74664,1.87,1.75
2017.01.09 21:24:58.980,0.7464,0.74664,1.12,3.37
2017.01.09 21:25:16.349,0.74636,0.74662,1.50,2.62
2017.01.09 21:25:16.714,0.74636,0.74662,1.75,2.62
2017.01.09 21:25:33.333,0.74635,0.7466,1.75,2.62
2017.01.09 21:25:33.469,0.74635,0.74659,1.12,2.62
2017.01.09 21:25:36.525,0.74635,0.74655,1.37,1.00
2017.01.09 21:25:54.745,0.74635,0.74656,1.75,1.00
2017.01.09 21:26:02.693,0.74635,0.74659,1.12,2.62
2017.01.09 21:26:02.987,0.74629,0.74655,2.10,2.62
2017.01.09 21:26:03.320,0.7463,0.74653,1.00,2.62
2017.01.09 21:26:24.083,0.7463,0.74648,1.12,1.00
2017.01.09 21:26:43.709,0.7463,0.74649,1.37,1.00
2017.01.09 21:26:54.118,0.74635,0.74654,1.00,2.62
2017.01.09 21:26:54.377,0.74634,0.74652,1.00,1.00
2017.01.09 21:26:54.428,0.74634,0.74656,1.37,2.62
2017.01.09 21:26:54.541,0.74634,0.74659,1.75,2.62
2017.01.09 21:26:54.711,0.7464,0.74659,1.00,2.62
2017.01.09 21:26:54.761,0.7464,0.74661,1.00,1.75
2017.01.09 21:27:34.782,0.7464,0.74663,1.00,2.62
2017.01.09 21:27:49.215,0.74639,0.74663,1.12,2.62
2017.01.09 21:27:54.807,0.74639,0.74662,1.37,2.62
2017.01.09 21:28:07.108,0.74645,0.74662,1.00,2.62
2017.01.09 21:28:07.209,0.74639,0.74662,1.50,2.62
2017.01.09 21:28:34.762,0.7464,0.74659,1.00,1.00
2017.01.09 21:28:38.615,0.74639,0.74659,1.00,1.00
2017.01.09 21:28:44.229,0.7464,0.74659,1.00,1.00
2017.01.09 21:28:54.802,0.7464,0.74659,1.37,1.00
2017.01.09 21:29:01.695,0.7464,0.74661,1.00,2.62
2017.01.09 21:29:03.736,0.7464,0.7466,1.50,1.00
2017.01.09 21:29:06.157,0.74645,0.7466,1.00,1.00
2017.01.09 21:29:11.115,0.7464,0.7466,1.50,1.00
2017.01.09 21:29:12.733,0.74639,0.74662,1.12,2.62
2017.01.09 21:29:21.536,0.7464,0.74662,1.00,2.62
2017.01.09 21:29:22.320,0.74635,0.7466,1.75,1.75
2017.01.09 21:29:22.370,0.74635,0.74655,1.50,1.00
2017.01.09 21:29:31.115,0.7464,0.74655,1.00,1.00
2017.01.09 21:29:31.657,0.7464,0.74657,1.00,1.00
2017.01.09 21:29:32.361,0.74637,0.74657,1.00,1.00
2017.01.09 21:29:32.770,0.74635,0.74657,1.12,2.62
2017.01.09 21:29:35.563,0.74639,0.74657,1.00,2.62
2017.01.09 21:29:36.273,0.74639,0.7466,1.00,2.62
2017.01.09 21:29:40.661,0.7464,0.7466,1.00,2.62
2017.01.09 21:29:40.782,0.74645,0.7466,1.00,2.62
2017.01.09 21:29:40.907,0.74645,0.74661,1.00,1.75
2017.01.09 21:29:40.958,0.7464,0.74662,1.00,1.75
2017.01.09 21:29:41.109,0.74641,0.74661,1.00,1.00
2017.01.09 21:29:41.350,0.74639,0.74665,1.75,3.37
2017.01.09 21:29:41.946,0.7464,0.74665,1.75,1.75
2017.01.09 21:29:51.563,0.74649,0.74665,1.00,1.75
2017.01.09 21:29:51.667,0.74645,0.74665,1.00,1.75
2017.01.09 21:29:59.023,0.74645,0.74667,1.50,1.75
2017.01.09 21:30:00.195,0.74645,0.74668,1.00,1.50
2017.01.09 21:30:00.346,0.74645,0.74666,1.00,1.00
2017.01.09 21:30:01.997,0.7464,0.74668,1.00,1.75
2017.01.09 21:30:02.336,0.7464,0.74668,1.00,1.00
2017.01.09 21:30:02.921,0.74639,0.74668,1.00,1.00
2017.01.09 21:30:08.241,0.7464,0.74667,1.00,1.00
2017.01.09 21:30:12.009,0.7464,0.74668,1.50,1.12
2017.01.09 21:30:14.447,0.7464,0.74669,1.00,1.00
2017.01.09 21:30:15.097,0.7464,0.74669,1.00,1.37
2017.01.09 21:30:29.721,0.74645,0.74669,1.00,1.50
2017.01.09 21:30:34.622,0.74645,0.74667,1.00,1.00
2017.01.09 21:30:36.021,0.74645,0.74669,1.00,1.50
2017.01.09 21:30:40.945,0.74639,0.74666,1.00,1.00
2017.01.09 21:30:41.766,0.7464,0.74665,1.00,1.00
2017.01.09 21:30:43.924,0.74639,0.74666,1.00,1.50
2017.01.09 21:30:44.080,0.74639,0.74666,1.00,2.25
2017.01.09 21:30:44.507,0.74635,0.7466,1.00,1.00
2017.01.09 21:30:45.041,0.74635,0.7466,1.00,1.37
2017.01.09 21:30:46.273,0.74635,0.7466,1.00,1.12
2017.01.09 21:30:46.474,0.74635,0.7466,1.00,1.75
2017.01.09 21:30:47.098,0.74635,0.7466,1.00,1.75
2017.01.09 21:30:49.716,0.74634,0.74658,1.00,1.12
2017.01.09 21:30:53.215,0.74635,0.74658,1.00,1.12
2017.01.09 21:30:58.604,0.74635,0.74659,1.00,1.00
2017.01.09 21:31:03.222,0.74635,0.7466,1.00,1.87
2017.01.09 21:31:04.969,0.74635,0.74659,1.00,1.00
2017.01.09 21:31:07.923,0.7464,0.74659,1.00,1.00
2017.01.09 21:31:08.020,0.7464,0.74661,1.00,1.00
2017.01.09 21:31:08.548,0.74639,0.74663,1.00,1.50
2017.01.09 21:31:09.286,0.7464,0.74663,1.00,1.50
2017.01.09 21:31:23.493,0.7464,0.74663,1.00,1.00
2017.01.09 21:31:40.489,0.74639,0.74664,1.00,1.37
2017.01.09 21:31:41.825,0.74635,0.74664,1.00,1.37
2017.01.09 21:31:41.925,0.7464,0.74664,1.00,1.00
2017.01.09 21:31:44.671,0.74635,0.74664,1.00,1.00
2017.01.09 21:31:44.721,0.7464,0.74664,1.00,1.00
2017.01.09 21:31:44.880,0.74635,0.74664,1.00,1.75
2017.01.09 21:31:44.931,0.74635,0.7466,1.00,1.12
2017.01.09 21:31:48.626,0.74635,0.7466,1.00,1.37
2017.01.09 21:31:50.172,0.74635,0.7466,1.00,1.12
2017.01.09 21:31:59.571,0.74634,0.74661,1.00,2.25
2017.01.09 21:32:02.731,0.7464,0.74661,1.00,1.50
2017.01.09 21:32:03.371,0.7464,0.74661,1.00,1.00
2017.01.09 21:32:06.133,0.7464,0.74662,1.00,1.00
2017.01.09 21:32:08.189,0.7464,0.74661,1.00,1.35
2017.01.09 21:32:08.881,0.7464,0.74661,1.00,1.37
2017.01.09 21:32:11.481,0.74635,0.7466,1.00,1.12
2017.01.09 21:32:17.493,0.74635,0.74659,1.00,1.00
2017.01.09 21:32:23.760,0.74635,0.7466,1.00,1.87
2017.01.09 21:32:26.010,0.74634,0.7466,1.00,1.00
2017.01.09 21:32:26.607,0.74635,0.74659,1.00,1.00
2017.01.09 21:32:36.301,0.74635,0.74658,1.00,1.00
2017.01.09 21:32:37.032,0.74635,0.74659,1.00,1.00
2017.01.09 21:32:38.828,0.7464,0.74659,1.00,1.00
2017.01.09 21:32:38.879,0.7464,0.74661,1.00,1.00
2017.01.09 21:32:41.087,0.7464,0.74662,1.00,1.12
2017.01.09 21:32:41.623,0.74639,0.74662,1.00,1.00
2017.01.09 21:32:42.356,0.74639,0.74663,1.00,1.00
2017.01.09 21:32:42.877,0.7464,0.74663,1.00,1.00
2017.01.09 21:32:46.425,0.7464,0.74664,1.00,1.35
2017.01.09 21:32:47.374,0.7464,0.74663,1.00,1.00
2017.01.09 21:32:48.363,0.7464,0.74661,1.00,1.00
2017.01.09 21:33:03.819,0.74635,0.74661,1.00,1.00
2017.01.09 21:33:04.039,0.7464,0.74661,1.00,1.00
2017.01.09 21:33:04.317,0.74635,0.74661,1.00,1.00
2017.01.09 21:33:04.841,0.74635,0.7466,1.00,1.00
2017.01.09 21:33:09.435,0.7464,0.74661,1.00,1.00
2017.01.09 21:33:17.117,0.7464,0.7466,1.00,1.00
2017.01.09 21:33:37.253,0.74635,0.7466,1.00,2.10
2017.01.09 21:33:37.304,0.74635,0.7466,1.00,2.10
2017.01.09 21:33:37.457,0.7463,0.74655,1.00,1.00
2017.01.09 21:33:37.770,0.74629,0.74656,1.00,1.75
2017.01.09 21:33:46.438,0.74625,0.7465,1.00,1.00
2017.01.09 21:33:47.625,0.74625,0.7465,1.00,1.50
2017.01.09 21:33:50.517,0.74624,0.74651,1.00,1.75
2017.01.09 21:33:54.782,0.74624,0.74651,1.00,2.25
2017.01.09 21:33:55.463,0.74624,0.74651,1.00,2.25
2017.01.09 21:34:00.163,0.74625,0.7465,1.00,1.75
2017.01.09 21:34:04.017,0.74624,0.74651,1.00,1.75
2017.01.09 21:34:08.225,0.74624,0.74651,1.00,1.75
2017.01.09 21:34:08.876,0.74624,0.74651,1.00,1.75
2017.01.09 21:34:10.842,0.74625,0.74652,1.00,1.75
2017.01.09 21:34:12.006,0.74624,0.74652,1.00,1.75
2017.01.09 21:34:16.731,0.74625,0.7465,1.00,1.75
2017.01.09 21:34:17.435,0.74624,0.74651,1.00,1.75
2017.01.09 21:34:20.022,0.74625,0.74651,1.00,1.75
2017.01.09 21:34:21.318,0.74624,0.74649,1.00,1.75
2017.01.09 21:34:24.070,0.74624,0.74649,1.00,1.50
2017.01.09 21:34:31.142,0.74624,0.74648,1.00,1.00
2017.01.09 21:34:41.220,0.74624,0.74649,1.00,1.00
2017.01.09 21:34:41.536,0.74619,0.74649,1.00,1.00
2017.01.09 21:34:42.648,0.7462,0.74649,1.00,1.00
2017.01.09 21:34:42.890,0.7462,0.74645,1.00,1.00
2017.01.09 21:34:56.583,0.74615,0.74645,1.12,1.12
2017.01.09 21:34:56.634,0.7462,0.74647,1.00,1.75
2017.01.09 21:34:56.957,0.7462,0.74645,1.00,1.35
2017.01.09 21:35:00.572,0.74619,0.74645,1.00,1.75
2017.01.09 21:35:00.723,0.74619,0.74645,1.00,1.12
2017.01.09 21:35:01.487,0.74619,0.74646,1.00,1.50
2017.01.09 21:35:01.993,0.7462,0.74647,1.00,1.37
2017.01.09 21:35:02.423,0.7462,0.74646,1.00,1.75
2017.01.09 21:35:02.724,0.7462,0.74646,1.00,1.12
2017.01.09 21:35:06.923,0.7462,0.74647,1.00,1.50
2017.01.09 21:35:06.988,0.7462,0.74647,1.00,1.50
2017.01.09 21:35:10.562,0.7462,0.74645,1.00,1.00
2017.01.09 21:35:19.490,0.74619,0.74646,1.00,1.50
2017.01.09 21:35:19.641,0.7462,0.74645,1.00,1.75
2017.01.09 21:35:19.692,0.74615,0.7464,1.00,1.00
2017.01.09 21:35:20.934,0.7462,0.74645,1.00,1.75
2017.01.09 21:35:22.848,0.7462,0.74645,1.00,1.75
2017.01.09 21:35:24.134,0.7462,0.74645,1.00,1.12
2017.01.09 21:35:31.700,0.74619,0.74646,1.00,1.50
2017.01.09 21:35:32.131,0.74619,0.74646,1.00,1.75
2017.01.09 21:35:37.860,0.74625,0.7465,1.00,2.25
2017.01.09 21:35:38.066,0.74625,0.7465,1.00,1.75
2017.01.09 21:35:38.816,0.74624,0.74651,1.00,2.25
2017.01.09 21:35:44.124,0.74624,0.7465,1.00,1.75
2017.01.09 21:35:44.461,0.7462,0.74645,1.00,1.75
2017.01.09 21:35:45.201,0.74625,0.74649,1.00,1.75
2017.01.09 21:35:45.302,0.7462,0.74645,1.00,1.75
2017.01.09 21:35:45.375,0.74619,0.74646,1.00,1.50
2017.01.09 21:35:45.615,0.74624,0.74651,1.00,2.25
2017.01.09 21:35:47.562,0.7463,0.74655,1.00,3.37
2017.01.09 21:35:47.764,0.7463,0.74655,1.00,1.75
2017.01.09 21:35:47.980,0.7463,0.74655,1.00,1.75
2017.01.09 21:35:48.614,0.74629,0.74656,1.00,1.75
2017.01.09 21:35:49.136,0.7463,0.74655,1.00,1.75
2017.01.09 21:35:51.434,0.7463,0.74655,1.00,1.75
2017.01.09 21:35:51.484,0.7463,0.74655,1.00,1.75
2017.01.09 21:35:56.320,0.74629,0.74655,1.00,1.75
2017.01.09 21:35:59.517,0.74625,0.7465,1.00,1.75
2017.01.09 21:36:02.417,0.7463,0.74654,1.00,1.75
2017.01.09 21:36:04.815,0.74625,0.7465,1.00,1.75
2017.01.09 21:36:12.009,0.74629,0.74651,1.00,1.75
2017.01.09 21:36:14.812,0.74629,0.74654,1.00,1.75
2017.01.09 21:36:15.216,0.74625,0.7465,1.00,1.75
2017.01.09 21:36:20.593,0.7463,0.74654,1.00,1.75
2017.01.09 21:36:23.723,0.7463,0.74655,1.00,2.25
2017.01.09 21:36:28.478,0.74625,0.7465,1.00,1.12
2017.01.09 21:36:41.716,0.7462,0.7465,1.00,1.12
2017.01.09 21:36:43.620,0.74625,0.74653,1.00,1.75
2017.01.09 21:36:44.149,0.74625,0.74653,1.00,1.75
2017.01.09 21:37:13.037,0.7462,0.7465,1.00,1.50
2017.01.09 21:37:14.420,0.74625,0.74652,1.00,1.75
2017.01.09 21:37:20.556,0.74624,0.74651,1.00,2.25
2017.01.09 21:37:20.759,0.74619,0.74646,1.00,1.00
2017.01.09 21:37:20.810,0.74614,0.74641,1.75,1.00
2017.01.09 21:37:20.911,0.74614,0.74641,1.00,1.00
2017.01.09 21:37:21.423,0.74615,0.7464,1.00,1.12
2017.01.09 21:37:21.524,0.74625,0.74649,1.00,2.62
2017.01.09 21:37:21.700,0.74624,0.74651,1.00,1.75
2017.01.09 21:37:21.750,0.7463,0.74652,1.00,2.62
2017.01.09 21:37:21.801,0.7463,0.74654,1.00,1.50
2017.01.09 21:37:21.902,0.7463,0.74655,1.00,1.50
2017.01.09 21:37:22.471,0.7463,0.74655,1.00,1.00
2017.01.09 21:37:22.677,0.74634,0.74658,1.00,1.00
2017.01.09 21:37:22.728,0.7463,0.74655,1.00,1.00
2017.01.09 21:37:22.846,0.74635,0.74658,1.00,1.00
2017.01.09 21:37:23.098,0.74635,0.7466,1.00,1.00
2017.01.09 21:37:23.444,0.74634,0.74661,1.00,1.75
2017.01.09 21:37:23.545,0.74634,0.74661,1.00,1.12
2017.01.09 21:37:25.375,0.7464,0.74663,1.00,1.50
2017.01.09 21:37:32.661,0.74635,0.7466,1.00,1.00
2017.01.09 21:37:33.376,0.74635,0.7466,1.00,1.50
2017.01.09 21:37:38.644,0.7463,0.74655,1.00,1.00
2017.01.09 21:37:38.845,0.7463,0.74655,1.00,1.37
2017.01.09 21:37:39.097,0.7463,0.74654,1.00,1.00
2017.01.09 21:37:39.647,0.7463,0.74655,1.00,1.12
2017.01.09 21:37:40.416,0.74629,0.74656,1.00,1.50
2017.01.09 21:37:42.488,0.7463,0.74655,1.00,1.12
2017.01.09 21:37:43.435,0.74629,0.74656,1.00,2.25
2017.01.09 21:37:43.962,0.7463,0.74656,1.00,1.50
2017.01.09 21:37:45.457,0.74625,0.74655,1.00,1.12
2017.01.09 21:37:45.836,0.74629,0.74656,1.00,1.50
2017.01.09 21:37:50.890,0.74625,0.74655,1.50,1.12
2017.01.09 21:37:53.262,0.74626,0.74655,1.00,1.12
2017.01.09 21:37:56.404,0.74627,0.74655,1.00,1.50
2017.01.09 21:37:57.461,0.74626,0.74651,1.00,1.00
2017.01.09 21:37:57.511,0.74624,0.74651,1.00,1.00
2017.01.09 21:37:58.271,0.74623,0.7465,1.00,1.00
2017.01.09 21:38:01.122,0.74625,0.7465,1.00,1.00
2017.01.09 21:38:01.515,0.74625,0.74653,1.00,1.50
2017.01.09 21:38:03.461,0.74621,0.7465,1.12,1.00
2017.01.09 21:38:04.280,0.7462,0.7465,1.50,1.12
2017.01.09 21:38:04.991,0.74625,0.7465,1.00,1.12
2017.01.09 21:38:07.111,0.74625,0.74649,1.00,1.00
2017.01.09 21:38:07.311,0.7462,0.74645,1.50,1.00
2017.01.09 21:38:16.642,0.74625,0.7465,1.00,2.25
2017.01.09 21:38:16.770,0.74625,0.7465,1.00,1.12
2017.01.09 21:38:19.662,0.74621,0.74651,1.50,1.00
2017.01.09 21:38:19.783,0.7462,0.74645,1.50,1.00
2017.01.09 21:38:19.833,0.7462,0.7465,1.50,1.00
2017.01.09 21:38:19.934,0.7462,0.74645,1.12,1.12
2017.01.09 21:38:20.262,0.74615,0.7464,1.00,1.00
2017.01.09 21:39:02.065,0.74609,0.74636,1.50,1.00
2017.01.09 21:39:13.461,0.7461,0.74635,1.00,1.00
2017.01.09 21:39:15.991,0.74615,0.7464,1.00,1.50
2017.01.09 21:39:20.654,0.7461,0.7464,1.50,1.50
2017.01.09 21:39:20.706,0.7461,0.74635,1.50,1.00
2017.01.09 21:39:25.327,0.74609,0.74635,1.00,1.00
2017.01.09 21:39:26.262,0.7461,0.7464,1.00,1.12
2017.01.09 21:39:26.862,0.7461,0.74635,1.00,1.00
2017.01.09 21:39:30.821,0.74609,0.74635,1.00,1.00
2017.01.09 21:39:35.624,0.7461,0.74635,1.00,1.00
2017.01.09 21:39:39.495,0.74615,0.74639,1.00,1.00
2017.01.09 21:39:40.593,0.7461,0.74635,1.50,1.00
2017.01.09 21:39:50.557,0.74611,0.74635,1.00,1.00
2017.01.09 21:39:52.536,0.74615,0.7464,1.00,2.25
2017.01.09 21:40:09.361,0.7461,0.74635,1.50,1.00
2017.01.09 21:40:24.361,0.74615,0.74639,1.00,1.12
2017.01.09 21:40:33.228,0.74614,0.74641,1.00,2.25
2017.01.09 21:40:33.839,0.74615,0.7464,1.00,1.50
2017.01.09 21:40:34.671,0.74615,0.7464,1.00,1.50
2017.01.09 21:40:42.286,0.74615,0.7464,1.00,1.37
2017.01.09 21:40:44.116,0.7462,0.74642,1.00,1.75
2017.01.09 21:40:44.281,0.7462,0.74643,1.00,1.75
2017.01.09 21:40:51.825,0.74625,0.74648,1.00,1.75
2017.01.09 21:40:51.976,0.74625,0.74648,1.00,1.75
2017.01.09 21:40:53.368,0.7462,0.74645,1.00,1.12
2017.01.09 21:41:00.362,0.74624,0.74648,1.00,1.75
2017.01.09 21:41:00.564,0.74624,0.74648,1.00,1.00
2017.01.09 21:41:00.614,0.74624,0.74648,1.00,1.37
2017.01.09 21:41:03.546,0.7463,0.74655,1.00,2.25
2017.01.09 21:41:03.597,0.7463,0.74654,1.00,1.75
2017.01.09 21:41:03.697,0.7463,0.74654,1.00,1.00
2017.01.09 21:41:03.891,0.74625,0.7465,1.00,1.00
2017.01.09 21:41:03.941,0.74625,0.7465,1.00,1.37
2017.01.09 21:41:04.093,0.74625,0.7465,1.00,1.60
2017.01.09 21:41:04.143,0.74625,0.7465,1.00,1.97
2017.01.09 21:41:04.361,0.7462,0.74645,1.00,1.50
2017.01.09 21:41:08.661,0.74624,0.74649,1.00,1.75
2017.01.09 21:41:09.936,0.74625,0.74649,1.00,1.75
2017.01.09 21:41:10.230,0.74625,0.74651,1.00,1.75
2017.01.09 21:41:30.777,0.74625,0.7465,1.00,2.25
2017.01.09 21:41:38.696,0.7462,0.74645,1.00,1.00
2017.01.09 21:41:38.956,0.74624,0.74648,1.00,1.75
2017.01.09 21:41:41.442,0.74625,0.74648,1.00,1.75
2017.01.09 21:41:48.701,0.74625,0.74646,1.00,1.37
2017.01.09 21:41:49.903,0.74619,0.74646,1.00,2.25
2017.01.09 21:41:50.104,0.74619,0.74646,1.00,2.25
2017.01.09 21:41:51.097,0.74619,0.74644,1.00,1.00
2017.01.09 21:41:51.636,0.7462,0.74645,1.00,1.12
2017.01.09 21:41:55.016,0.74625,0.74648,1.00,1.75
2017.01.09 21:41:59.690,0.7462,0.74648,1.00,1.75
2017.01.09 21:41:59.842,0.74625,0.7465,1.00,1.75
2017.01.09 21:41:59.993,0.7462,0.7465,1.00,1.75
2017.01.09 21:42:00.178,0.7462,0.7465,1.50,1.75
2017.01.09 21:42:07.457,0.7462,0.74645,1.50,1.00
2017.01.09 21:42:17.577,0.74624,0.7465,1.00,1.75
2017.01.09 21:42:22.939,0.74625,0.74648,1.00,1.00
2017.01.09 21:42:23.107,0.74625,0.7465,1.00,1.12
2017.01.09 21:42:38.184,0.74619,0.74646,1.50,1.00
2017.01.09 21:42:42.316,0.74625,0.7465,1.00,1.00
2017.01.09 21:42:51.882,0.7463,0.74653,1.00,1.75
2017.01.09 21:42:54.825,0.74629,0.74655,1.00,1.75
2017.01.09 21:43:06.336,0.7463,0.74655,1.00,2.25
2017.01.09 21:43:14.722,0.7463,0.74653,1.00,1.75
2017.01.09 21:43:34.723,0.7463,0.74655,1.00,2.25
2017.01.09 21:43:35.237,0.7463,0.74655,1.00,2.25
2017.01.09 21:43:46.343,0.7463,0.74655,1.00,1.75
2017.01.09 21:43:46.911,0.7463,0.74655,1.00,1.50
2017.01.09 21:43:52.598,0.7463,0.74655,1.00,2.25
2017.01.09 21:43:53.155,0.74629,0.74655,1.00,1.75
2017.01.09 21:43:53.975,0.74629,0.74654,1.00,1.00
2017.01.09 21:43:56.893,0.7463,0.74654,1.00,1.00
2017.01.09 21:43:57.185,0.74635,0.74654,1.00,1.00
2017.01.09 21:44:00.895,0.7463,0.74654,1.00,1.00
2017.01.09 21:44:01.197,0.7463,0.7466,1.00,1.75
2017.01.09 21:44:01.357,0.74635,0.74662,1.00,1.75
2017.01.09 21:44:01.407,0.74635,0.74662,1.00,1.75
2017.01.09 21:44:01.511,0.7463,0.7466,1.00,1.50
2017.01.09 21:44:01.863,0.74635,0.74662,1.00,1.35
2017.01.09 21:44:01.914,0.7463,0.74663,1.12,1.35
2017.01.09 21:44:02.162,0.74635,0.74664,1.00,1.35
2017.01.09 21:44:02.228,0.74635,0.7467,1.00,2.85
2017.01.09 21:44:02.279,0.74635,0.7466,1.00,1.00
2017.01.09 21:44:02.868,0.74635,0.74664,1.00,1.35
2017.01.09 21:44:04.023,0.74635,0.74659,1.00,1.00
2017.01.09 21:44:05.338,0.74634,0.74659,1.00,1.00
2017.01.09 21:44:06.341,0.74634,0.7466,1.00,1.50
2017.01.09 21:44:10.072,0.74634,0.74659,1.00,1.00
2017.01.09 21:44:11.918,0.74635,0.74659,1.00,1.00
2017.01.09 21:44:12.019,0.7463,0.7466,1.00,2.25
2017.01.09 21:44:15.986,0.7463,0.74658,1.00,1.00
2017.01.09 21:44:18.839,0.7463,0.74658,1.00,1.50
2017.01.09 21:44:19.396,0.74629,0.74658,1.00,1.50
2017.01.09 21:44:19.897,0.7463,0.74658,1.00,1.50
2017.01.09 21:44:23.761,0.74625,0.74656,1.50,1.00
2017.01.09 21:44:24.111,0.74624,0.74656,1.87,1.50
2017.01.09 21:44:24.957,0.74625,0.74655,1.00,1.12
2017.01.09 21:44:25.962,0.74625,0.74654,1.50,1.00
2017.01.09 21:44:26.908,0.7463,0.74654,1.00,1.00
2017.01.09 21:44:30.207,0.7463,0.74656,1.00,1.50
2017.01.09 21:44:30.817,0.7463,0.74656,1.00,1.00
2017.01.09 21:44:32.025,0.74625,0.74655,1.87,1.00
2017.01.09 21:44:33.331,0.74625,0.74655,1.00,1.12
2017.01.09 21:44:33.581,0.74625,0.74655,1.00,1.75
2017.01.09 21:44:34.118,0.74624,0.74655,1.50,1.75
2017.01.09 21:44:34.786,0.74624,0.74655,1.50,1.50
2017.01.09 21:44:35.289,0.7463,0.74655,1.00,2.25
2017.01.09 21:44:36.223,0.7463,0.74653,1.00,1.00
2017.01.09 21:44:38.883,0.7463,0.74654,1.00,1.12
2017.01.09 21:44:39.475,0.74634,0.74654,1.00,1.00
2017.01.09 21:44:43.662,0.7463,0.74656,1.00,1.12
2017.01.09 21:44:44.059,0.74635,0.74657,1.00,1.50
2017.01.09 21:44:45.616,0.7463,0.74657,1.00,1.50
2017.01.09 21:44:46.224,0.7463,0.74655,1.00,1.35
2017.01.09 21:44:46.325,0.74625,0.7465,1.00,1.00
2017.01.09 21:44:46.657,0.74625,0.7465,1.00,1.37
2017.01.09 21:44:46.707,0.74625,0.7465,1.00,1.12
2017.01.09 21:44:47.076,0.7463,0.74655,1.00,1.75
2017.01.09 21:44:47.177,0.7463,0.74655,1.00,1.75
2017.01.09 21:44:47.725,0.74629,0.74655,1.00,1.75
2017.01.09 21:44:52.516,0.7463,0.74652,1.00,1.12
2017.01.09 21:45:01.180,0.7463,0.74653,1.00,1.00
2017.01.09 21:45:01.691,0.7463,0.74654,1.00,1.00
2017.01.09 21:45:05.024,0.7463,0.74655,1.00,1.50
2017.01.09 21:45:05.394,0.74635,0.74655,1.00,1.00
2017.01.09 21:45:07.141,0.7463,0.74655,1.00,1.50
2017.01.09 21:45:17.608,0.7463,0.74654,1.00,1.00
2017.01.09 21:45:23.125,0.7463,0.74655,1.00,1.50
2017.01.09 21:45:23.880,0.7463,0.74654,1.00,1.00
2017.01.09 21:45:26.757,0.74629,0.74654,1.00,1.00
2017.01.09 21:45:30.182,0.74629,0.74654,1.00,1.50
2017.01.09 21:45:31.218,0.74635,0.74654,1.00,1.50
2017.01.09 21:45:34.459,0.7463,0.74654,1.00,1.50
2017.01.09 21:45:35.820,0.74634,0.74657,1.00,1.75
2017.01.09 21:45:35.971,0.74634,0.74656,1.00,1.00
2017.01.09 21:45:38.836,0.74634,0.74657,1.00,1.50
2017.01.09 21:45:44.990,0.74634,0.74656,1.00,1.00
2017.01.09 21:45:45.527,0.74634,0.74656,1.00,1.50
2017.01.09 21:45:50.861,0.74635,0.74656,1.00,1.50
2017.01.09 21:46:02.639,0.7463,0.74655,1.00,1.12
2017.01.09 21:46:06.236,0.74635,0.74657,1.00,1.75
2017.01.09 21:46:07.166,0.7463,0.74655,1.00,2.25
2017.01.09 21:46:13.398,0.74629,0.74653,1.00,1.50
2017.01.09 21:46:22.322,0.74629,0.74653,1.00,1.50
2017.01.09 21:46:29.081,0.7463,0.74654,1.00,1.75
2017.01.09 21:46:31.623,0.74629,0.74654,1.00,1.75
2017.01.09 21:46:38.681,0.7463,0.74652,1.00,1.12
2017.01.09 21:46:42.663,0.74629,0.74653,1.00,1.50
2017.01.09 21:46:44.167,0.74629,0.74653,1.00,1.50
2017.01.09 21:46:46.946,0.7463,0.74653,1.00,1.00
2017.01.09 21:46:47.505,0.74629,0.74653,1.00,1.00
2017.01.09 21:46:48.977,0.7463,0.74653,1.00,1.00
2017.01.09 21:46:54.060,0.74625,0.7465,1.00,1.00
2017.01.09 21:46:56.195,0.7463,0.74653,1.00,1.00
2017.01.09 21:46:59.278,0.7463,0.74654,1.00,1.00
2017.01.09 21:46:59.826,0.7463,0.74655,1.00,2.25
2017.01.09 21:47:07.330,0.74635,0.74657,1.00,1.50
2017.01.09 21:47:12.668,0.7463,0.74655,1.00,1.00
2017.01.09 21:47:15.333,0.74635,0.74657,1.00,1.50
2017.01.09 21:47:15.596,0.74635,0.74658,1.00,1.12
2017.01.09 21:47:50.826,0.74635,0.74659,1.00,1.50
2017.01.09 21:47:52.619,0.74635,0.7466,1.00,1.50
2017.01.09 21:48:13.245,0.74635,0.74659,1.00,1.00
2017.01.09 21:48:29.777,0.74635,0.74658,1.00,1.00
2017.01.09 21:48:31.530,0.74635,0.7466,1.00,1.50
2017.01.09 21:48:33.485,0.74635,0.74659,1.00,1.00
2017.01.09 21:48:34.142,0.74634,0.74659,1.00,1.00
2017.01.09 21:48:34.700,0.74635,0.74659,1.00,1.00
2017.01.09 21:48:45.321,0.7463,0.74659,1.00,1.00
2017.01.09 21:48:45.412,0.74635,0.74659,1.00,1.00
2017.01.09 21:48:45.638,0.74635,0.74661,1.00,1.00
2017.01.09 21:48:45.689,0.7463,0.7466,1.00,1.00
2017.01.09 21:48:48.108,0.74629,0.74661,1.50,1.00
2017.01.09 21:48:48.275,0.74629,0.74661,1.12,1.37
2017.01.09 21:48:48.835,0.74629,0.74661,1.12,1.50
2017.01.09 21:48:50.333,0.7463,0.7466,1.00,1.12
2017.01.09 21:48:50.895,0.74629,0.74661,1.12,1.50
2017.01.09 21:48:53.390,0.74635,0.74665,1.00,1.75
2017.01.09 21:48:53.641,0.7463,0.7466,1.00,1.12
2017.01.09 21:48:54.429,0.7463,0.74659,1.00,1.00
2017.01.09 21:48:57.619,0.74634,0.74659,1.00,1.00
2017.01.09 21:49:00.165,0.74635,0.74659,1.00,1.00
2017.01.09 21:49:00.545,0.7464,0.74662,1.00,1.75
2017.01.09 21:49:00.596,0.7464,0.74663,1.00,1.50
2017.01.09 21:49:00.647,0.7464,0.74663,1.00,1.50
2017.01.09 21:49:00.915,0.7464,0.74664,1.00,1.75
2017.01.09 21:49:01.219,0.74634,0.74661,1.00,1.50
2017.01.09 21:49:01.629,0.7464,0.74663,1.00,1.75
2017.01.09 21:49:01.847,0.7464,0.74663,1.00,1.12
2017.01.09 21:49:02.027,0.74635,0.7466,1.00,1.00
2017.01.09 21:49:04.508,0.74634,0.74661,1.00,1.12
2017.01.09 21:49:04.612,0.74634,0.74661,1.00,1.75
2017.01.09 21:49:05.223,0.74635,0.7466,1.00,1.50
2017.01.09 21:49:05.562,0.7464,0.74664,1.00,1.75
2017.01.09 21:49:05.723,0.7464,0.74664,1.00,1.75
2017.01.09 21:49:07.964,0.7464,0.74665,1.00,1.37
2017.01.09 21:49:09.266,0.7464,0.74665,1.00,1.00
2017.01.09 21:49:11.001,0.7464,0.74669,1.00,1.75
2017.01.09 21:49:11.084,0.74635,0.74665,1.12,1.00
2017.01.09 21:49:11.652,0.74634,0.74666,1.00,1.75
2017.01.09 21:49:13.686,0.74634,0.74663,1.00,1.00
2017.01.09 21:49:16.804,0.7464,0.74663,1.00,1.00
2017.01.09 21:49:17.335,0.7464,0.74664,1.00,1.00
2017.01.09 21:49:22.235,0.7464,0.74665,1.00,1.50
2017.01.09 21:49:27.155,0.7464,0.74663,1.00,1.00
2017.01.09 21:49:35.116,0.74645,0.74663,1.00,1.00
2017.01.09 21:49:35.375,0.7464,0.74664,1.00,1.00
2017.01.09 21:49:35.651,0.74644,0.74664,1.00,1.00
2017.01.09 21:49:35.901,0.7464,0.74665,1.00,1.12
2017.01.09 21:50:05.265,0.74639,0.74666,1.00,1.00
2017.01.09 21:50:07.979,0.7464,0.74665,1.00,1.00
2017.01.09 21:50:08.839,0.74635,0.74665,1.50,1.00
2017.01.09 21:50:09.222,0.74634,0.74666,1.00,2.25
2017.01.09 21:50:09.987,0.74635,0.74665,1.00,1.00
2017.01.09 21:50:13.816,0.7464,0.74666,1.00,1.00
2017.01.09 21:50:15.477,0.74635,0.74665,1.00,1.00
2017.01.09 21:50:15.545,0.7464,0.74666,1.00,1.00
2017.01.09 21:50:18.438,0.74635,0.74665,1.00,1.00
2017.01.09 21:50:18.697,0.7464,0.74666,1.00,1.00
2017.01.09 21:50:19.418,0.74635,0.74665,1.00,1.00
2017.01.09 21:50:22.959,0.74639,0.74666,1.00,1.00
2017.01.09 21:50:25.816,0.74635,0.74665,1.12,1.00
2017.01.09 21:50:25.961,0.7464,0.74667,1.00,1.50
2017.01.09 21:50:31.142,0.7464,0.74667,1.00,1.12
2017.01.09 21:50:31.854,0.7464,0.74669,1.00,1.50
2017.01.09 21:50:35.338,0.7464,0.7467,1.00,2.25
2017.01.09 21:50:35.842,0.7464,0.7467,1.00,1.87
2017.01.09 21:50:36.627,0.74639,0.74671,1.12,1.50
2017.01.09 21:50:36.978,0.74644,0.74673,1.00,1.75
2017.01.09 21:50:44.057,0.74644,0.74671,1.00,1.00
2017.01.09 21:50:48.270,0.74639,0.74671,1.50,1.12
2017.01.09 21:50:55.478,0.74645,0.74673,1.00,1.50
2017.01.09 21:51:02.806,0.74639,0.74671,1.50,1.87
2017.01.09 21:51:04.078,0.74639,0.74671,1.50,1.12
2017.01.09 21:51:10.642,0.7464,0.7467,1.00,1.00
2017.01.09 21:51:13.290,0.74645,0.74671,1.00,1.50
2017.01.09 21:51:22.195,0.7465,0.74671,1.00,1.00
2017.01.09 21:51:22.436,0.74645,0.74671,1.00,1.00
2017.01.09 21:51:22.537,0.7465,0.74671,1.00,1.00
2017.01.09 21:51:23.200,0.74645,0.74671,1.00,1.00
2017.01.09 21:51:23.304,0.74645,0.74675,1.00,1.75
2017.01.09 21:51:25.337,0.74644,0.74671,1.00,1.75
2017.01.09 21:51:25.894,0.74645,0.7467,1.00,1.75
2017.01.09 21:51:29.915,0.74645,0.7467,1.00,1.75
2017.01.09 21:51:30.729,0.74645,0.7467,1.00,1.75
2017.01.09 21:51:32.190,0.74649,0.74674,1.00,2.62
2017.01.09 21:51:32.241,0.74645,0.7467,1.00,1.75
2017.01.09 21:51:32.350,0.7464,0.7467,1.00,1.75
2017.01.09 21:51:32.582,0.74644,0.74674,1.00,2.62
2017.01.09 21:51:34.845,0.74644,0.74675,1.00,3.37
2017.01.09 21:51:35.362,0.74644,0.74675,1.00,1.75
2017.01.09 21:51:35.699,0.74644,0.74675,1.00,1.75
2017.01.09 21:51:42.198,0.7465,0.74675,1.00,2.25
2017.01.09 21:51:44.521,0.74645,0.7467,1.00,1.12
2017.01.09 21:51:51.680,0.74644,0.74671,1.00,1.50
2017.01.09 21:51:54.763,0.74644,0.74671,1.00,1.50
2017.01.09 21:52:01.172,0.74644,0.74671,1.00,1.50
2017.01.09 21:52:01.702,0.74645,0.7467,1.00,1.75
2017.01.09 21:52:05.950,0.7465,0.74674,1.00,1.75
2017.01.09 21:52:06.680,0.74645,0.74674,1.00,1.75
2017.01.09 21:52:09.635,0.74649,0.74675,1.00,1.75
2017.01.09 21:52:10.301,0.7465,0.74675,1.00,1.75
2017.01.09 21:52:11.023,0.74649,0.74676,1.00,1.75
2017.01.09 21:52:11.290,0.74649,0.74676,1.00,1.75
2017.01.09 21:52:11.888,0.7465,0.74675,1.00,1.75
2017.01.09 21:52:12.040,0.74645,0.7467,1.00,1.12
2017.01.09 21:52:13.937,0.7465,0.74675,1.00,1.75
2017.01.09 21:52:14.261,0.74644,0.74671,1.00,1.50
2017.01.09 21:52:16.137,0.7465,0.74675,1.00,1.75
2017.01.09 21:52:27.766,0.74645,0.74675,1.00,2.25
2017.01.09 21:52:31.897,0.7465,0.74675,1.00,1.75
2017.01.09 21:52:33.438,0.74645,0.74675,1.00,2.25
2017.01.09 21:52:41.603,0.74649,0.74675,1.00,1.75
2017.01.09 21:52:54.843,0.74649,0.74675,1.00,1.75
2017.01.09 21:53:21.228,0.7465,0.74675,1.00,2.25
2017.01.09 21:53:21.446,0.74645,0.7467,1.00,1.00
2017.01.09 21:53:43.863,0.7464,0.74665,1.12,1.00
2017.01.09 21:53:57.966,0.74644,0.74671,1.00,1.75
2017.01.09 21:53:59.499,0.7464,0.74665,1.00,1.00
2017.01.09 21:53:59.989,0.7464,0.7467,1.00,1.75
2017.01.09 21:54:00.421,0.7464,0.7467,1.00,1.50
2017.01.09 21:54:00.500,0.74645,0.7467,1.00,1.00
2017.01.09 21:54:08.217,0.7464,0.7467,1.00,1.50
2017.01.09 21:54:10.455,0.7464,0.7467,1.50,1.00
2017.01.09 21:54:21.598,0.74645,0.7467,1.00,1.00
2017.01.09 21:54:22.857,0.74644,0.74671,1.00,1.12
2017.01.09 21:54:26.374,0.74645,0.7467,1.00,1.12
2017.01.09 21:54:27.968,0.74644,0.74671,1.00,1.50
2017.01.09 21:54:28.114,0.7464,0.7467,1.50,1.12
2017.01.09 21:54:28.646,0.74644,0.74674,1.00,1.75
2017.01.09 21:54:29.682,0.74644,0.74676,1.00,2.25
2017.01.09 21:54:30.275,0.74644,0.74675,1.00,1.75
2017.01.09 21:54:33.667,0.7464,0.7467,1.50,1.00
2017.01.09 21:54:33.717,0.74645,0.74674,1.00,1.75
2017.01.09 21:54:53.019,0.74644,0.74671,1.00,1.00
2017.01.09 21:55:00.113,0.7464,0.74665,1.12,1.00
2017.01.09 21:55:00.414,0.74645,0.7467,1.00,1.00
2017.01.09 21:55:00.777,0.7464,0.74665,1.75,1.00
2017.01.09 21:55:03.013,0.74644,0.74671,1.00,1.00
2017.01.09 21:55:05.281,0.74645,0.7467,1.00,1.00
2017.01.09 21:55:12.464,0.74645,0.7467,1.37,1.00
2017.01.09 21:55:17.992,0.7465,0.74675,1.00,1.00
2017.01.09 21:55:24.923,0.74645,0.7467,1.50,1.00
2017.01.09 21:55:38.816,0.7465,0.74675,1.00,1.00
2017.01.09 21:55:57.630,0.74645,0.7467,1.00,1.00
2017.01.09 21:55:58.164,0.74649,0.74676,1.00,1.00
2017.01.09 21:55:58.365,0.74655,0.7468,1.00,1.00
2017.01.09 21:56:09.886,0.74654,0.74681,1.00,1.00
2017.01.09 21:56:10.281,0.7465,0.74675,1.00,1.00
2017.01.09 21:56:12.499,0.74655,0.7468,1.00,1.00
2017.01.09 21:56:13.110,0.74654,0.74681,1.00,1.00
2017.01.09 21:56:17.221,0.7465,0.74675,1.00,1.00
2017.01.09 21:56:17.411,0.74654,0.74681,1.00,1.00
2017.01.09 21:56:20.063,0.74655,0.7468,1.00,1.00
2017.01.09 21:56:25.219,0.7466,0.74685,1.00,1.00
2017.01.09 21:56:31.352,0.74655,0.7468,1.00,1.00
2017.01.09 21:56:36.164,0.7466,0.74685,1.00,1.00
2017.01.09 21:56:36.638,0.74665,0.7469,1.00,1.00
2017.01.09 21:56:38.248,0.7466,0.74685,1.00,1.00
2017.01.09 21:56:38.298,0.7466,0.7469,1.00,1.00
2017.01.09 21:56:38.654,0.74655,0.74685,1.00,1.00
2017.01.09 21:56:44.845,0.74659,0.7469,1.00,1.00
2017.01.09 21:56:50.249,0.74659,0.74691,1.00,1.50
2017.01.09 21:56:50.936,0.74659,0.7469,1.00,1.00
2017.01.09 21:56:53.898,0.74655,0.74685,1.00,1.00
2017.01.09 21:57:12.548,0.7466,0.74689,1.00,1.00
2017.01.09 21:57:15.679,0.74655,0.74685,1.00,1.00
2017.01.09 21:57:17.355,0.74654,0.74686,1.00,1.00
2017.01.09 21:57:18.268,0.7466,0.7469,1.00,1.50
2017.01.09 21:57:35.745,0.74654,0.74686,1.00,1.00
2017.01.09 21:57:40.118,0.7466,0.74685,1.00,1.00
2017.01.09 21:57:42.618,0.74655,0.7468,1.00,1.00
2017.01.09 21:57:46.673,0.74654,0.74681,1.00,1.00
2017.01.09 21:57:46.983,0.74659,0.74686,1.00,1.00
2017.01.09 21:57:47.095,0.74655,0.74685,1.00,1.00
2017.01.09 21:57:48.315,0.74659,0.74691,1.00,1.00
2017.01.09 21:57:48.535,0.74655,0.74685,1.00,1.00
2017.01.09 21:57:50.528,0.7466,0.7469,1.00,1.00
2017.01.09 21:57:51.072,0.74655,0.74685,1.00,1.00
2017.01.09 21:57:52.226,0.74659,0.74691,1.00,1.00
2017.01.09 21:57:52.498,0.74654,0.74686,1.00,1.00
2017.01.09 21:57:52.925,0.74659,0.74691,1.00,1.00
2017.01.09 21:57:53.155,0.7465,0.7469,1.00,1.00
2017.01.09 21:57:53.658,0.74645,0.74685,1.00,1.00
2017.01.09 21:57:54.183,0.74644,0.74686,1.00,1.00
2017.01.09 21:57:55.077,0.74645,0.74685,1.00,1.00
2017.01.09 21:57:56.083,0.7465,0.7469,1.00,1.00
2017.01.09 21:57:56.408,0.74645,0.74685,1.00,1.00
2017.01.09 21:57:57.037,0.7465,0.7469,1.00,1.00
2017.01.09 21:57:57.431,0.74645,0.74685,1.00,1.00
2017.01.09 21:57:57.994,0.7465,0.7469,1.00,1.00
2017.01.09 21:57:58.420,0.74645,0.74685,1.00,1.00
2017.01.09 21:57:59.006,0.74649,0.74691,1.00,1.50
2017.01.09 21:58:00.360,0.74645,0.7469,1.00,1.00
2017.01.09 21:58:03.010,0.74649,0.74695,1.00,1.00
2017.01.09 21:58:03.236,0.74644,0.74691,1.00,1.00
2017.01.09 21:58:03.345,0.7465,0.74695,1.00,1.00
2017.01.09 21:58:03.864,0.74655,0.7469,1.00,1.00
2017.01.09 21:58:06.763,0.7466,0.74693,1.00,1.00
2017.01.09 21:58:07.303,0.74655,0.7469,1.00,1.00
2017.01.09 21:58:08.056,0.7466,0.74694,1.00,1.00
2017.01.09 21:58:08.272,0.74654,0.74691,1.00,1.00
2017.01.09 21:58:08.733,0.7466,0.74695,1.00,1.50
2017.01.09 21:58:09.605,0.74655,0.7469,1.00,1.00
2017.01.09 21:58:10.047,0.7466,0.74695,1.00,1.50
2017.01.09 21:58:10.428,0.7466,0.7469,1.00,1.00
2017.01.09 21:58:10.891,0.74655,0.74685,1.00,1.00
2017.01.09 21:58:11.380,0.7466,0.7469,1.00,1.00
2017.01.09 21:58:12.951,0.74654,0.74691,1.00,1.00
2017.01.09 21:58:16.269,0.74651,0.74685,1.00,1.00
2017.01.09 21:58:16.647,0.74655,0.7469,1.00,1.00
2017.01.09 21:58:17.104,0.7465,0.74685,1.00,1.00
2017.01.09 21:58:17.155,0.74644,0.74686,1.00,1.00
2017.01.09 21:58:17.356,0.74659,0.74691,1.00,1.00
2017.01.09 21:58:17.558,0.7465,0.74685,1.00,1.00
2017.01.09 21:58:18.066,0.74645,0.74685,1.00,1.00
2017.01.09 21:58:18.161,0.7464,0.7469,1.37,1.00
2017.01.09 21:58:18.391,0.7464,0.7469,1.00,1.75
2017.01.09 21:58:18.620,0.74635,0.74685,1.50,1.00
2017.01.09 21:58:28.119,0.74634,0.74686,1.12,1.00
2017.01.09 21:58:32.105,0.74635,0.74685,1.00,1.00
2017.01.09 21:58:34.571,0.74639,0.74691,1.00,1.75
2017.01.09 21:58:34.722,0.74639,0.74691,1.00,1.75
2017.01.09 21:58:35.719,0.7464,0.7469,1.00,1.50
2017.01.09 21:58:40.164,0.74635,0.74685,1.50,1.00
2017.01.09 21:58:41.316,0.74634,0.74686,1.75,1.00
2017.01.09 21:58:41.994,0.74635,0.74685,1.50,1.00
2017.01.09 21:58:46.839,0.7464,0.7469,1.00,1.50
2017.01.09 21:58:48.456,0.74635,0.74685,1.50,1.00
2017.01.09 21:58:49.008,0.74635,0.74685,1.75,1.00
2017.01.09 21:58:52.829,0.74635,0.74685,1.50,1.00
2017.01.09 21:59:00.087,0.7463,0.7468,1.75,1.00
2017.01.09 21:59:00.138,0.7463,0.74685,1.75,1.00
2017.01.09 21:59:00.200,0.74645,0.747,1.00,1.75
2017.01.09 21:59:00.250,0.7464,0.74695,1.00,1.75
2017.01.09 21:59:00.301,0.74635,0.7469,1.50,1.50
2017.01.09 21:59:00.426,0.7464,0.7469,1.00,1.75
2017.01.09 21:59:00.970,0.74636,0.74685,0.37,0.75
2017.01.09 21:59:01.475,0.74639,0.74689,0.75,0.37
2017.01.09 21:59:01.626,0.74641,0.7469,0.37,1.12
2017.01.09 21:59:01.962,0.74636,0.74685,0.75,0.75
2017.01.09 21:59:02.135,0.74639,0.74691,0.75,1.50
2017.01.09 21:59:02.644,0.7464,0.7469,0.75,0.75
2017.01.09 21:59:02.710,0.74636,0.74686,0.75,0.75
2017.01.09 21:59:03.075,0.7464,0.7469,0.75,0.75
2017.01.09 21:59:04.779,0.74639,0.74691,0.75,1.50
2017.01.09 21:59:05.766,0.7464,0.7469,0.75,0.75
2017.01.09 21:59:08.185,0.7464,0.74691,0.37,0.75
2017.01.09 21:59:08.723,0.7464,0.7469,1.12,0.75
2017.01.09 21:59:11.644,0.7464,0.74691,0.37,0.75
2017.01.09 21:59:12.737,0.7464,0.7469,1.12,0.75
2017.01.09 21:59:15.125,0.7464,0.74693,1.12,0.37
2017.01.09 21:59:17.572,0.7464,0.74691,0.37,0.75
2017.01.09 21:59:20.728,0.7464,0.7469,1.12,0.75
2017.01.09 21:59:21.296,0.7464,0.74691,0.37,0.75
2017.01.09 21:59:24.157,0.74639,0.74691,1.50,0.75
2017.01.09 21:59:26.200,0.7464,0.7469,0.75,0.75
2017.01.09 21:59:26.688,0.74645,0.74692,0.75,0.37
2017.01.09 21:59:26.813,0.7464,0.7469,0.75,0.75
2017.01.09 21:59:27.863,0.74645,0.74695,0.75,0.75
2017.01.09 21:59:28.901,0.7464,0.7469,0.75,0.75
2017.01.09 21:59:29.875,0.74645,0.74695,0.75,0.75
2017.01.09 21:59:30.896,0.7464,0.7469,0.75,0.75
2017.01.09 21:59:31.792,0.74635,0.74695,0.75,0.75
2017.01.09 21:59:32.561,0.74634,0.74696,0.75,0.75
2017.01.09 21:59:33.119,0.74635,0.74685,0.75,0.75
2017.01.09 21:59:35.336,0.7464,0.7469,0.75,0.75
2017.01.09 21:59:37.233,0.7464,0.7468,0.75,0.75
2017.01.09 21:59:37.748,0.74639,0.74681,0.75,0.75
2017.01.09 21:59:38.315,0.7464,0.7468,0.75,0.75
2017.01.09 21:59:38.636,0.74635,0.74675,0.75,0.75
2017.01.09 21:59:38.978,0.7464,0.7468,0.75,0.75
2017.01.09 21:59:41.933,0.74635,0.74675,0.75,0.75
2017.01.09 21:59:42.463,0.74634,0.74676,0.75,0.75
2017.01.09 21:59:43.745,0.7464,0.7468,0.75,0.75
2017.01.09 21:59:43.796,0.74634,0.74676,0.75,0.75
2017.01.09 21:59:43.970,0.7464,0.7468,0.75,0.75
2017.01.09 21:59:44.419,0.74634,0.74676,0.75,0.75
2017.01.09 21:59:44.650,0.7464,0.7468,0.75,0.75
2017.01.09 21:59:45.178,0.74639,0.74681,0.75,0.75
2017.01.09 21:59:45.742,0.7464,0.7468,0.75,0.75
2017.01.09 21:59:47.836,0.74635,0.74675,0.75,0.75
2017.01.09 21:59:48.983,0.74639,0.74681,0.75,0.75
2017.01.09 21:59:49.729,0.74635,0.74675,0.75,0.75
2017.01.09 21:59:51.357,0.7463,0.74675,0.75,0.75
2017.01.09 21:59:51.464,0.7462,0.74685,1.12,0.75
2017.01.09 21:59:51.766,0.74629,0.74676,0.75,0.75
2017.01.09 21:59:51.817,0.74625,0.7468,0.75,0.75
2017.01.09 21:59:51.867,0.74629,0.74676,0.75,0.75
2017.01.09 21:59:52.225,0.74625,0.7467,0.75,0.75
2017.01.09 21:59:52.628,0.7463,0.74675,0.75,0.75
2017.01.09 21:59:53.030,0.74625,0.74675,0.75,0.75
2017.01.09 21:59:53.083,0.74625,0.7467,0.75,0.75
2017.01.09 21:59:53.564,0.7463,0.74675,0.75,0.75
2017.01.09 21:59:53.905,0.74624,0.74671,0.75,0.75
2017.01.09 21:59:54.636,0.7462,0.7466,0.75,0.75
2017.01.09 21:59:54.975,0.74624,0.74666,0.75,0.75
2017.01.09 21:59:55.227,0.7462,0.7466,0.75,0.75
2017.01.09 21:59:56.147,0.74629,0.74681,0.75,0.75
2017.01.09 21:59:56.279,0.7463,0.74685,0.75,0.75
2017.01.09 21:59:56.480,0.7463,0.7468,0.75,0.75
2017.01.09 21:59:58.570,0.74629,0.74681,0.75,0.75
2017.01.09 21:59:59.115,0.7463,0.7468,0.75,0.75
